{"featureConfigs":"{\"serverDrivenNotificationsConfig\":{\"enablePercentage\":0},\"logBlockConfig\":{\"logBlockRules\":[{\"blockedByMatchingKeyValuePairs\":[{\"dotPathForJsonData\":true,\"dotPath\":\"EdgeFlyoutStatus\",\"value\":\"ProductTrackingOutOfStockExtraction\"}]},{\"blockedByMatchingKeyValuePairs\":[{\"dotPathForJsonData\":true,\"dotPath\":\"EdgeFlyoutStatus\",\"value\":\"PageHandlerInfo\"},{\"dotPathForJsonData\":false,\"dotPath\":\"Message\",\"value\":\"resize_iframe\"}]},{\"blockedByMatchingKeyValuePairs\":[{\"dotPathForJsonData\":true,\"dotPath\":\"Status\",\"value\":\"Popup origination blocked due to feature specific logic\"},{\"dotPathForJsonData\":false,\"dotPath\":\"Message\",\"value\":\"BLOCKED POPUPORIGINATION\"}]},{\"blockedByMatchingKeyValuePairs\":[{\"dotPathForJsonData\":false,\"dotPath\":\"EventType\",\"value\":\"CheckoutPageValidation\"},{\"dotPathForJsonData\":false,\"dotPath\":\"Message\",\"value\":\"Checkout Page is Invalid - Invalid Selectors\"}]}]}}"}