{"@odata.context":"https://substrate.office.com/profileb2/v2.0/me/$metadata#v1profile(accounts(),addresses(),cloudServiceUsers(),customAttributes(),educations(),educationalActivities(),emails(),interests(),languages(),names(),phones(),positions(),preferences(),projects(),skills(),socialNetworkUsers(),systems(),websites(),anniversaries(),directoryExtensionAttributes(),notes(),responsibilities(),topics(),webAccounts(),extensions(),awards(),publications(),patents(),certifications(),profileVideoMetadata())","profileId":"defaultItem","eTag":"W/\"XLhelq1zDkeMFowvVtOlWwAG10zmFA==\"","lastModifiedDateTime":null,"activities":[],"lastSyncs":[],"accounts":[{"accountLabel":null,"cid":-1121218660333267481,"puid":985157551457682,"passportMemberName":"masha.sheychenko@gmail.com","userPrincipalName":"masha.sheychenko@gmail.com","guid":null,"accountTenantId":null,"location":"RU","gender":null,"timeZone":null,"birthDay":30,"birthMonth":8,"birthYear":2000,"lcid":1049,"ageGroup":3,"id":"7646b9ca-31d2-443a-87f8-b048022975db","eTag":"W/\"XLhelq1zDkeMFowvVtOlWwAG10zmFA==\""}],"addresses":[],"cloudServiceUsers":[],"customAttributes":[],"educations":[],"educationalActivities":[],"emails":[{"emailAddressLabel":null,"emailAddressName":null,"emailAddress":"masha.sheychenko@gmail.com","isVerified":null,"isAlias":true,"isPrimary":true,"notificationPartners":null,"usedBy":"Msa","id":"ef2ab95c-a61c-4af9-804a-04b8e034633e","eTag":"W/\"XLhelq1zDkeMFowvVtOlWwAG10zmFA==\""},{"emailAddressLabel":null,"emailAddressName":null,"emailAddress":"outlook_F070A191A34BD5E7@outlook.com","isVerified":null,"isAlias":true,"isPrimary":false,"notificationPartners":null,"usedBy":"Msa","id":"589fccd4-46e4-4614-bdb9-bf62ad3b4d6f","eTag":"W/\"XLhelq1zDkeMFowvVtOlWwAG10zmFA==\""}],"interests":[],"languages":[{"languageCultureCode":"RU","languageName":null,"languageUrl":null,"languageProficiency":null,"isInference":null,"isPreferredLanguage":null,"id":"7646b9ca-31d2-443a-87f8-b048022975db","eTag":"W/\"XLhelq1zDkeMFowvVtOlWwAG10zmFA==\""}],"names":[{"displayName":"Init Gvd Self","displayNameDefault":"Init Gvd Self","displayNameAlternate":"Self, Init Gvd","lastName":"Self","surname":null,"givenName":"Init Gvd","initials":null,"middleName":null,"maidenName":null,"title":null,"nickname":null,"suffix":null,"yomiGivenName":null,"yomiLastName":null,"yomiDisplayName":"","yomiDisplayNameAlternate":"","isPreferredName":null,"id":"de7f0d5e-b9ee-4b7a-be98-e103a39df8b1","eTag":"W/\"XLhelq1zDkeMFowvVtOlWwAG10zmFA==\""}],"phones":[{"phoneNumberLabel":null,"phoneNumberName":null,"phoneNumber":"79688632403","isVerified":null,"isPrimary":false,"notificationPartners":null,"usedBy":"Msa","isAlias":true,"id":"bf42e493-8434-4dee-a77e-247b852ee0f7","eTag":"W/\"XLhelq1zDkeMFowvVtOlWwAG10zmFA==\""}],"positions":[],"preferences":[],"projects":[],"skills":[],"socialNetworkUsers":[],"systems":[{"datacenterId":null,"environmentId":null,"forceSslDeadline":null,"lastModified":null,"lastMsaNameSync":null,"lastMcpMigrationStateChangeTimeUTC":null,"mcpMigrationState":null,"mcpMigrationFinishedDateUTC":null,"successfulMcpComparisonsCount":null,"lastMsaSyncTimeUtc":null,"lastMsaAliasSyncTimeUtc":null,"lastMsaCheckTimeUtc":null,"lastMsaAliasCheckTimeUtc":null,"lastUpaSyncTimeUtc":null,"lastSubmitToIndexTimeUtc":null,"lastDsApiSyncTimeUtc":null,"resourceId":null,"status":null,"version":null,"cid":null,"puid":null,"isRecovered":null,"isCleanedUp":null,"mcpBackupItemTimeUTC":null,"lastMetadataConsolidationTimestamp":null,"nomcpSync":null,"msaSyncTag":null,"msaAliasVersion":null,"msaProfileVersion":null,"baseSharePointUrl":null,"lastSharePointLicenseStatusSyncUtc":null,"indexingRequired":null,"msaGivenNameAtLastSync":null,"msaLastNameAtLastSync":null,"id":"91d1d818-6cbf-4d6f-94f7-f88e72d28b46","eTag":"W/\"XLhelq1zDkeMFowvVtOlWwAG10zmFA==\""}],"websites":[],"anniversaries":[],"directoryExtensionAttributes":[],"notes":[],"responsibilities":[],"topics":[],"webAccounts":[],"extensions":[],"awards":[],"publications":[],"patents":[],"certifications":[],"profileVideoMetadata":{"profileVideoUrl":null,"allowedAudiences":"me","createdDateTime":"2025-01-14T22:35:36.6491969Z","lastModifiedDateTime":"2025-01-14T22:35:36.6491969Z","id":"10cee61e-07cf-4782-958c-05b0cf7a3aca","isSearchable":false,"createdBy":{"user":null,"application":null,"device":null},"inference":null,"lastModifiedBy":{"user":null,"application":null,"device":null},"source":{"type":[]},"sources":[]}}