{"actions":[{"$type":"cache","key":{"uri":"www.yandex.ru","inheritance":"none"},"maxAge":100800000000,"serverContext":"1;c5faad59-a2e3-31f2-b86e-aaf958e12824;PHSH:005;7E-05","responseCategory":"Allowed","result":{"$type":"allow"}}],"serverContext":"1;c5faad59-a2e3-31f2-b86e-aaf958e12824;PHSH:005;7E-05","result":{"$type":"allow","responseCategory":"Allowed","serverContext":"1;c5faad59-a2e3-31f2-b86e-aaf958e12824;PHSH:005;7E-05","feedbackUrl":"https://feedback.smartscreen.microsoft.com/feedback.aspx?v=6&t=12553&result=none&type=top&ur=PHSH%3A005&osVer=10.0.22631.4602.ni_release&ieVer=9.11.22621.0&prodGuid=41a438bc-1249-43d3-a26d-69cd62c08317&locale=ru-RU&fv=281483724587008&dv=638004170464094982&url=aHR0cHM6Ly95YW5kZXgucnUvc2VhcmNoLz90ZXh0PTE5Mi4xNjguOTAzNSUzQTgwOTAmY2xpZD0yNDExNzI2&corrId=b95a1c8e-8857-4630-8813-f119b834054a"}}